delta, eta
0, 0.8882369691002923
10, 0.8616587167027407
20, 0.6330738350960973
30, 0.49396094312689454
40, 0.42946852800664004
50, 0.3891461124583344
60, 0.3614940100759506

