X_upper,Y_upper,X_lower,Y_lower
,,0.6,-0.0389
0.65,0.0384,0.65,-0.0331
0.675,0.0369,0.675,-0.0287
0.705,0.0352,0.675,-0.026
0.73,0.03325,0.675,-0.02
0.755,0.03125,0.6785,-0.01
0.775,0.0296,0.69,0.0023
0.79,0.02813,0.707,0.012
0.8025,0.02705,0.73,0.0195
0.813,0.02605,0.755,0.0235
0.821,0.0253,0.775,0.0249
0.825,0.0249,0.79,0.0252
,,0.8025,0.0252
,,0.813,0.025
,,0.821,0.0245
,,0.825,0.0241
